[
  {
    "id": 1,
    "title": "clouds",
    "description": "clouds over building",
    "url": "data/p1.jpg",
    "thumb":  "data/p1.jpg",
    "category": "Nature",
    "tags": ["sunset", "hills", "landscape"]
  },
  {
    "id": 2,
    "title": "sky",
    "description": "blue sky",
    "url": "data/p2.jpg",
    "thumb": "data/p2.jpg",
    "category": "Street",
    "tags": ["urban", "rain", "night"]
  },
  {
    "id": 3,
    "title": "buiding",
    "description": "buildings",
    "url": "data/p3.jpg",
    "thumb": "data/p3.jpg",
    "category": "Nature",
    "tags": ["mountain", "snow", "outdoors"]
  },
  {
    "id": 4,
    "title": "Portrait",
    "description": "Simple portrait with soft lighting.",
    "url":"data/p4.jpg",
    "thumb": "data/p4.jpg",
    "category": "Portrait",
    "tags": ["portrait", "people"]
  },
  {
    "id": 5,
    "title": "Minimal ",
    "description": "Clean ",
    "url": "data/p5.jpg",
    "thumb":"data/p5.jpg",
    "category": "Lifestyle",
    "tags": ["desk", "minimal", "work"]
  },
  {
    "id": 6,
    "title": "random",
    "description": "random",
    "url": "data/p6.jpg",
    "thumb": "data/p6.jpg",
    "category": "Nature",
    "tags": ["forest", "path", "trees"]
  },
    {
    "id": 7,
    "title": "tree",
    "description": "A quiet walk through trees.",
    "url": "data/p7.jpg",
    "thumb": "data/p7.jpg",
    "category": "Nature",
    "tags": ["forest", "path", "trees"]
  },
    {
    "id": 8,
    "title": "pink sky",
    "description": "cloudy sky",
    "url":"data/p8.jpg",
    "thumb": "data/p8.jpg",
    "category": "Nature",
    "tags": ["forest", "path", "trees"]
  },
    {
    "id": 9,
    "title": "morning",
    "description": "morning sun",
    "url":"data/p9.jpg",
    "thumb": "data/p9.jpg",
    "category": "Nature",
    "tags": ["forest", "path", "trees"]
  },
    {
    "id": 10,
    "title": "pot",
    "description": "aeshetic",
    "url": "data/p10.jpg",
    "thumb": "data/p10.jpg",
    "category": "Nature",
    "tags": ["forest", "path", "trees"]
  },
    {
    "id": 11,
    "title": "bug",
    "description": "spiders are the only web devloper who gets happy after seeing bugs",
    "url":"data/p11.jpg",
    "thumb": "data/p11.jpg",
    "category": "Nature",
    "tags": ["forest", "path", "trees"]
  }

]
